{
    "users": [
        {
            "id": 1,
            "name": "Raj Kolhe",
            "dob": "01-01-1998",
            "address": "Pune",
            "age": 27,
            "email": "kolhe.raj@gmail.com",
            "password": "admin@123"
        },
        {
            "id": 2,
            "name": "Priya Kolhe",
            "dob": "01-01-2000",
            "address": "Mumbai",
            "age": 25,
            "email": "kolhe.priya@gmail.com",
            "password": "Priya@123"
        },
        {
            "id": 3,
            "name": "Suhas Pawar",
            "dob": "01-08-2000",
            "address": "Namshik",
            "age": 25,
            "email": "suhasP@gmail.com",
            "password": "Suhas@123"
        }
    ],
    "cities": [
        {
            "cityId": 1,
            "name": "pune",
            "pincode": 411001
        },
        {
            "cityId": 2,
            "name": "Mumbai",
            "pincode": 411102
        },
        {
            "cityId": 3,
            "name": "Nashik",
            "pincode": 422001
        },
        {
            "cityId": 52,
            "name": "Latur",
            "pincode": 451020
        },
        {
            "cityId": 53,
            "name": "Beed",
            "pincode": 414203
        },
        {
            "cityId": 54,
            "name": "ANagar",
            "pincode": 431032
        }
    ],
    "movies": [
        {
            "movieId": 1,
            "name": "Pathan",
            "lang": "Hindi",
            "type": "2D"
        },
        {
            "movieId": 2,
            "name": "Fandrya",
            "lang": "Marathi",
            "type": "2D"
        },
        {
            "movieId": 3,
            "name": "Ved",
            "lang": "Marathi",
            "type": "2D"
        }
    ],
    "theaters": [
        {
            "theatreId": 1,
            "name": "city pride",
            "city": "pune",
            "screens": "5",
            "shows": "5",
            "ticketPrice": 450.0
        }
    ]
}